"Country","Status","Life expectancy","Adult Mortality","infant deaths","Alcohol","percentage expenditure","Hepatitis B","Measles","BMI","under-five deaths","Polio","Total expenditure","Diphtheria","HIV/AIDS","GDP","Population","thinness  1-19 years","thinness 5-9 years","Income composition of resources","Schooling","Mean happiness"
"Afghanistan",0,-1.1466611221245,0.841646990640091,0.872370325191718,-1.13412192257021,-0.386041186916834,-0.562911481106031,-0.00205031088309452,-1.1553026284702,0.366494331859931,-1.42926957271304,0.999828707893296,-1.26961988190011,-0.34591930724799,-0.598243154520387,-0.0572785416808303,2.6485127650078,2.36831909177587,-0.986323147178366,-1.08979266008302,3.3551499875591
"Albania",0,0.607192979554076,-0.94570544482311,-0.363286920520812,0.0724559035541043,-0.311892542124376,0.800141579221602,-0.209950462029121,0.523498868138366,-0.252778793905206,0.675793193158472,0.0192128805587942,0.668410804476347,-0.34591930724799,-0.440895125973399,-0.224203388594776,-0.709185135053302,-0.684775674858036,0.379311445199683,0.0390081634741092,4.74095000323429
"Algeria",0,0.448221679254544,-0.442015165856081,-0.0506387535959653,-1.03621259067656,-0.291785553231708,-0.0151424942453936,-0.0397224350715927,0.507236260496107,-0.121736825323017,0.406048969391017,-0.551090542620897,0.406300096892646,-0.34591930724799,-0.416084023785111,-0.0149738964774404,0.295038631213928,0.255484037153488,0.309754505010649,0.204373889218147,5.55718333173962
"Angola",0,-2.09531912553797,1.31641248131,0.959991467514605,0.295063142907839,-0.35459214202013,-0.33219741170478,0.105917974530162,-1.03020564660667,0.512056186157598,-1.52447341639567,-0.842131439844062,-1.46554101686166,0.143046219735189,-0.394732775468065,-0.09740633577983,0.317479385767385,0.408070043050095,-0.786926585303133,-1.13832390568181,3.87225001907349
"Antigua and Barbuda",0,0.596853382786626,-0.28791586268696,-0.374239563311172,0.846308800371296,0.0667345801875433,0.811012033534495,-0.214756556151765,-0.009101532145611,-0.25822375104851,0.625546720103749,-0.471458125756526,0.679001136095891,-0.340531257363878,1.18304891588276,-0.244784239757274,-0.303849005931473,-0.316369822783346,-0.64665342258858,-0.908249852472715,5.39850863542298
"Argentina",0,0.607192979554076,-0.459469779483651,-0.212937005853131,0.850634905742274,-0.0403185055069936,0.118797032109898,-0.214576468315787,0.819353230245613,-0.192158271043086,0.474807300939584,0.430286893682725,0.427480760131733,-0.34591930724799,-0.15701162748841,0.0243244948658083,-0.831206737937728,-0.849733519070584,0.769989592594762,1.29542818842066,6.37861665851864
"Armenia",0,0.425603811325748,-0.368705788620286,-0.358308446525193,-0.213587015518297,-0.341051776713944,0.374665203381013,-0.19006201164338,0.305204634786507,-0.252415796762319,0.294977818427947,-0.441702240451334,0.215674127740864,-0.34591930724799,-0.39314498389401,-0.224440086562157,-0.615214475360698,-0.594048860541135,0.325984457721423,-0.0616492348048702,4.44046661692012
"Australia",1,1.29542238938742,-0.801081503337528,-0.358308446525193,1.39688890316229,2.09524530208716,0.612626242324193,-0.20539761642582,0.863449916352507,-0.250237813904998,0.194484872318503,1.24814865549972,0.194493464501777,-0.34591930724799,1.75158416484648,-0.097244540106537,-0.922372303311149,-0.921215251562689,1.34499363149078,2.31098943891393,7.26729994964856
"Austria",1,1.26117247509524,-0.780634670230945,-0.374239563311172,1.91618793634776,1.90610776107531,0.10969787950424,-0.207800663487142,0.484406061306013,-0.25822375104851,0.162750257757626,-0.503764515516449,0.189198298692005,-0.34591930724799,1.61931860317026,-0.189780092997339,-0.683939286180662,-0.632539024190729,1.08647367045487,0.973684004636061,7.16736666432694
"Azerbaijan",0,0.149665822594447,-0.386160402247856,-0.277657167796172,-0.890123340071999,-0.340985577349854,-0.780927177537607,-0.160893409959934,0.262046176043589,-0.216479079616511,-0.268311590027621,-0.0939834664563742,0.00121991244510822,-0.34591930724799,-0.310928696503713,-0.18682187041191,-0.421662967337126,-0.411220583205561,0.345982078025771,-0.187470982653594,5.21846672883227
"Bahamas",0,0.51736773263686,-0.0919254868116705,-0.374239563311172,1.42584053141422,-0.402416812158559,0.213137046325365,-0.214756556151765,0.714271765480249,-0.25822375104851,0.54356563248815,0.342436184686444,0.57045023699557,-0.341878269834906,-0.619120077742422,-0.244784239757274,-0.500205608274227,-0.504696694926005,0.509440887470003,0.121691026346128,5.39850863542298
"Bahrain",0,0.665999436168943,-0.783626889709957,-0.374239563311172,-0.654849763358046,-0.120393862483743,0.80523710468077,-0.214154387450216,0.652974244367119,-0.25822375104851,0.670504090731659,-0.88974085633237,0.668410804476347,-0.34591930724799,0.472655142965938,-0.244784239757274,0.29784372553311,0.249985442346403,0.834039941685498,0.607003482334065,6.13271667669808
"Bangladesh",0,0.00168034386032926,-0.177203741963514,2.07317825293492,-1.13521384820471,-0.387277382792498,-0.0308210341197589,0.203942034750548,-1.28759268679088,0.912442034761903,0.22621948687938,-1.29470428586684,0.443366257561049,-0.34591930724799,-0.589781924879661,0.725323464258228,2.01876909035139,2.09338935142163,-0.511017389219962,-0.95138873744942,4.62229995210596
"Barbados",0,0.524476205414482,-0.685881053395563,-0.374239563311172,0.910534826263506,-0.220169701043069,0.232160341372928,-0.214756556151765,0.368691353082248,-0.25822375104851,-0.0779039026623586,0.0941870844259836,0.324225026841184,-0.312243995472289,0.159146511899617,-0.244784239757274,-0.184632497366229,-0.196775385729248,0.660147591212911,0.831685174921072,5.39850863542298
"Belarus",0,0.0643641492629905,0.440190877205973,-0.365278310119059,2.23099529642046,-0.248288537691164,0.430715983431869,-0.212522341436672,0.807469016968578,-0.253141791048093,0.326712432988824,0.123942969731176,0.419538011417076,-0.34591930724799,-0.373176268761938,-0.181486677703378,-0.575943154892147,-0.54456150727737,0.534075637120286,0.790343743485063,5.58831659888391
"Belgium",1,1.17845570095565,-0.745226739729303,-0.370256784114677,1.61835222042274,0.718219837131503,-0.157817207102118,-0.207412349090816,0.614819664898743,-0.252415796762319,0.659925885878033,0.0261736322998302,0.636639809617717,-0.34591930724799,1.49842308361961,-0.152604702310891,-0.878893341363825,-0.870353249597153,1.15776953414863,1.37631359775198,6.91174998533439
"Belize",0,-0.00155078012949846,-0.0644968082540599,-0.374239563311172,0.422849640019802,-0.231052480791249,0.667657917283215,-0.214756556151765,-0.0466306267046699,-0.25822375104851,0.564722042195402,-0.366037274960988,0.546621990851597,-0.274527646283504,-0.39510750079048,-0.242768771633443,-0.27439551558006,-0.291626146151463,0.305407196248834,0.130678294049608,5.95599995040894
"Benin",0,-1.21128360192106,0.844140506872601,0.0240383563383132,-0.888126676054625,-0.381810590078216,-0.644075922348504,-0.1141887552482,-0.950456320668671,-0.0302615453155059,-0.612103247770456,-0.537487852195666,-0.607724155678642,0.000262897806216734,-0.582439777836114,-0.182786674189691,0.778917401272858,0.731112487966335,-0.881118275142451,-0.906452398932019,4.12016669080831
"Bhutan",0,-0.322724504718391,0.531952274562343,-0.363286920520812,-1.06815921495455,-0.339292128012831,0.642180289987371,-0.207530531733176,-1.05209761843279,-0.252778793905206,0.305556023281572,-0.235678158385861,0.491022749848994,-0.290691795935841,-0.419348372094503,-0.240196145322113,2.79157257528609,2.88381235494009,-2.05981859076247,-0.511012619978885,5.12480003128052
"Bosnia and Herzegovina",0,0.691202203289601,-0.787117812435471,-0.374239563311172,-0.0382133593255762,-0.301494629731999,-0.273315784176609,-0.186015663078765,0.518182246409166,-0.25822375104851,-0.162529541491364,1.20790736299175,-0.16028264475293,-0.34591930724799,-0.416244145246445,-0.220338185642925,-0.448311363369357,-0.452460044258698,-0.824023620070619,0.0641725130438542,5.24718334703621
"Botswana",0,-1.3683162278267,2.27043179186835,-0.342377329739214,0.0278429419158944,-0.24584320196782,0.364474152462676,-0.193337359160216,-0.318403819803188,-0.240073893904163,0.593812105542872,-0.165680980572694,0.573097819900456,3.19402946661371,-0.31993419311739,-0.231372342663982,0.596586270526015,0.659630755474231,0.010659662197799,0.0390081634741093,3.77148333140415
"Brazil",0,0.423665136931852,-0.102896958234715,0.713059157331923,0.662615710772848,-0.219411534484653,0.726256460063655,-0.206168617473598,0.423108540192884,0.19044071755976,0.683726846798691,0.90071327088862,0.663115638666576,-0.34591930724799,-0.210475401146755,1.08406272014718,-0.388001835506939,-0.396099447486077,0.380760548120288,0.621383110659633,6.61076668164697
"Bulgaria",1,0.368736029104777,-0.303874366575024,-0.359304141324317,1.57409283470427,-0.238124651589467,0.657466866364877,-0.0769612229047706,0.795272061236884,-0.252415796762319,0.511831017927273,0.567730744854327,0.496317915658766,-0.34591930724799,-0.332791651671943,-0.194711415972381,-0.594176267966831,-0.584426319628736,0.586822983430304,0.495561362810909,4.69908337651119
"Burkina Faso",0,-1.41032083969446,0.709490630317059,0.338677912861407,-0.079144971681752,-0.378038200830393,0.111226537141991,0.243724563266905,-1.15624085583418,0.206049594703899,-0.556567672288921,0.0584800220597531,-0.210586719945761,0.0285501596978056,-0.592667693597105,-0.147981761415268,0.592378629047241,0.476802478138657,-1.84738010260179,-1.89684929985555,4.18961669797497
"Burundi",0,-1.42130666125987,1.02118015938081,-0.00384109803715075,-0.113587425981461,-0.3952335291545,0.609908628745969,-0.093242288826092,-1.16562312947394,-0.0516783767458359,0.18919576989169,0.505385080405353,0.146836972213831,0.297952653903414,-0.608174720307418,-0.190302940608972,0.727023156367987,0.70361951393091,-1.39207196494774,-1.30009472434446,3.19504999956496
"Cambodia",0,-0.510775920926374,0.261655114958254,-0.107393357146017,-0.766829336999128,-0.386586203617003,0.0500802316319659,-0.0454008296497515,-1.16312118983667,-0.139160688181591,-0.337069921576188,-0.0679116431413487,-0.432983683956174,-0.14656146153584,-0.578760445570184,-0.153351036794724,1.20388919062896,1.33458326804391,-0.631292931630168,-0.611670018257865,4.31256672287541
"Cameroon",0,-1.57833928716551,1.04761143144542,0.500976165118572,-0.104103271898932,-0.381590277007272,-0.0633183713138979,0.0535067865158978,-0.749988407232365,0.242349308992594,-0.408472804338161,-0.502064179213295,-0.544182165961381,0.971458889417436,-0.420009570824698,-0.118645731210208,0.397424573864078,0.394323556032383,-0.733019956656631,-0.890275317065754,4.7606500122769
"Canada",0,1.2824978934281,-0.789611328667981,-0.342377329739214,0.872265432597163,1.79633135957591,-2.01885989018928,-0.203095868772236,0.863449916352507,-0.246607842476128,0.133660194410155,0.489515274909251,0.37188151912913,-0.34591930724799,1.56905984880736,-0.0232963497356141,-0.958838529460518,-0.962454712615825,1.22471808908058,1.11388538081035,7.33084999912353
"Central African Republic",0,-2.14766333417318,1.35231911505815,-0.111376136342512,-0.830389808218881,-0.383256293411622,-1.4593599958155,-0.151776463263584,-1.07680427235084,-0.115928871036826,-1.72810385982797,-0.791121350749447,-1.68793798087208,1.56818541408286,-0.599684643457832,-0.216660539835714,0.522251271067686,0.500171506068767,-1.35671385368498,-1.65778797894297,3.20258000264026
"Chad",0,-1.95379589478351,0.512004144702263,0.340669302459654,-1.03504786999976,-0.387297829315827,-1.97691979602535,0.207346820399493,-1.11527159427387,0.195522677560177,-2.08511827363783,-0.646592764981371,-2.34983370709354,0.567355148109023,-0.581687919702823,-0.164611334651308,0.530666554025233,0.490548965156369,-1.44423967008951,-1.70092686391968,4.07328333945314
"Chile",0,1.05114941575643,-0.797590580612014,-0.342377329739214,0.603880510928417,-0.0391466254842009,-0.0477538571840734,-0.214660884488902,0.849689248347519,-0.245518851047467,0.0622573116481817,0.429720114915007,0.276568534553239,-0.34591930724799,-0.0327432633052968,-0.135989888281087,-0.873283152725461,-0.857981411281212,0.803318959768675,0.833482628461768,6.52924997323482
"China",0,0.514782833444998,-0.716800654678688,4.32344849895451,-0.0939535631439457,-0.367949525791811,0.0842202522083964,5.71535016699936,-0.840683719083424,1.77456024911841,0.488030057006616,-0.417614142823321,0.467194503705021,-0.34591930724799,-0.411827054986317,8.44334024090633,-0.0317548569707992,-0.173406357799137,0.149193901407627,-0.16230663308385,5.20314995008146
"Colombia",0,0.413971764962368,-0.313848431505065,-0.153195317905708,-0.0347191972951709,-0.160417975665038,0.0256217094279561,-0.213901138930873,0.547267294692437,-0.16311849961213,0.0887028237822459,0.186855412947868,-0.131159232799185,-0.34591930724799,-0.355672716459633,0.0530084923141268,-0.556307494657872,-0.602296752751762,0.249471823513485,0.0659699665845502,6.31056667451917
"Comoros",0,-0.796407281627159,0.617230529714187,-0.347355803734832,-1.10409916726729,-0.380058974589023,-0.0778566537428547,-0.209117555787726,-1.01832143332964,-0.246607842476128,-0.606814145343643,-0.454171373341129,-0.650085482156816,-0.306855945588177,-0.583182831300113,-0.240466005717214,0.560120044376646,0.516667290490022,-1.40714263532203,-0.588303122228816,4.043399992
"Costa Rica",0,0.962616618435143,-0.751709881933829,-0.358308446525193,-0.158179589036156,0.0530448270855568,0.038360523075878,-0.214739672917142,0.406220447641307,-0.252415796762319,-0.516899404087825,1.15604710574555,-0.107330986655212,-0.34591930724799,-0.211066673109338,-0.21561319466279,-0.632045041275791,-0.639412267699586,0.504803758124067,0.240322960032068,7.12539997919755
"Croatia",1,0.706711598440775,-0.595117062532198,-0.374239563311172,1.96909953280818,0.142275393344795,0.727671883802313,-0.212623640844409,0.688001399288907,-0.25822375104851,0.564722042195402,0.624975400393839,0.554564739566255,-0.34591930724799,-0.0132452528571612,-0.216010975022588,-0.68113419186148,-0.680651728752723,0.746514125280963,0.542295154869006,5.46628340087541
"Cuba",0,0.898640363436551,-0.845964795522709,-0.358308446525193,-0.0917905104584567,-0.2316518716193,0.72880422279324,-0.214756556151765,0.543201642781872,-0.252415796762319,0.699594154079129,0.224546201001111,0.49367033275388,-0.34591930724799,-0.349950229589338,-0.244784239757274,-0.2996413644527,-0.339738850713456,0.528858866606108,0.774166661618798,5.39850863542298
"Cyprus",1,1.07441350848319,-0.873393474080319,-0.374239563311172,1.42317831272439,0.0344528551041896,0.581033984477347,-0.214582096060662,0.728345175939896,-0.25822375104851,0.670504090731659,0.365390724779021,0.665763221571462,-0.34591930724799,0.797586982688868,-0.236559242348474,-0.869075511246687,-0.838736329456415,0.950547816502132,0.436245395967939,5.80383328884664
"Denmark",1,1.03111644701949,-0.778141153998435,-0.374239563311172,1.53482510902924,2.08639674104109,0,-0.213338364443444,0.861573461624555,-0.25822375104851,0.247375896586631,0.817113402650223,0.242149956789722,-0.34591930724799,2.1807491838166,-0.208685789445814,-0.811571077703452,-0.852482816474127,1.26036602092746,1.49314807789722,7.562599946328
"Djibouti",0,-0.881708954958615,0.886530282825272,-0.351338582931327,-0.94702826456717,-0.356120007518505,-0.0151424942453936,-0.204502804990808,-0.618323833821,-0.247333836761902,-0.307979858228717,0.497450177657302,-0.303252121616767,0.339710040505284,-0.375320675720165,-0.239363513297044,0.238936744830284,0.194999494275554,-0.972121938556438,-2.08558192162864,4.369
"Dominica",0,-7.90552670351504e-05,0,-0.374239563311172,-1.13521384820471,-0.397067791406025,0.718613171874902,-0.214756556151765,0.99042335294399,-0.25822375104851,0.585878451902653,-0.136208484651361,0.581040568615114,-0.34591930724799,-0.580428820591188,-0.244784239757274,-0.466544476444041,-0.486826261802979,0.430899509173217,0.200778982136755,5.39850863542298
"Dominican Republic",0,0.316391820469566,-0.160247831582446,-0.27168299900143,0.367442213537662,-0.233471574900017,-0.539981616539772,-0.212685546038026,0.47721298484886,-0.212849108187642,-0.27624524366784,-0.518217374093256,0.0382860731135104,-0.0616996758610733,-0.375704890932953,-0.175521558196293,-0.294031175814335,-0.316369822783346,0.263962852719534,0.213361156921627,5.28103332384558
"Ecuador",0,0.562603468494451,-0.251011822445811,-0.256747577014574,-0.187463994624315,-0.351170048641614,-0.0125947315158092,-0.2128881448535,0.235463067397589,-0.207404151044337,-0.144017682997519,-0.00868326191482338,0.292454031982554,-0.32571412018257,-0.40315391339091,-0.150148967828855,-0.762481927117764,-0.779626435280251,0.328303022394391,0.290651659171558,5.9808666471672
"Egypt",0,0.229151472744213,0.0561893773994263,0.52188575590017,-1.09062168515001,-0.402416812158559,0.74663856190033,-0.118477096842409,0.53319388423279,0.134539157555169,0.614968515250124,-0.235678158385861,0.610163980568858,-0.34591930724799,-0.619120077742422,-0.244784239757274,-0.371171269591846,-0.382352960468365,0.090650143415189,-0.0310925246130371,4.33790003708573
"El Salvador",0,0.25435423986487,-0.067987730979574,-0.3334160765471,-0.465665847711818,-0.242422793155454,0.313518897870989,-0.214745300662016,0.336166137797731,-0.241525882475711,0.00407718495324043,0.511336257466391,0.207731379026206,-0.305508933117149,-0.445080263672151,-0.203766907616822,-0.667108720265569,-0.679277080050951,0.103692069700633,0.188196807351882,6.16154996042704
"Equatorial Guinea",0,-1.44457075398663,0.923933026312923,-0.326446212953234,0.694728723718954,-0.143540568015428,-2.82787254770653,-0.18823862230411,-1.0383369504278,-0.234991933903746,-1.91586699597982,-1.26296467487464,-2.21745456184925,0.739772744400612,0.113056426398528,-0.238603291394713,0.421267875577127,0.392948907330611,-0.426099958072515,-1.05743849635049,5.39850863542298
"Eritrea",0,-0.888817427736237,1.15732614567586,-0.273674388599677,-0.985963212905972,-0.399402100247657,0.328441508144269,-0.198998870503752,-1.17344169084041,-0.206315159615677,0.239442242946412,-1.03370266333273,-0.00142767045977764,-0.106151087404999,-0.605883312704835,-0.22494622771487,0.741048627963898,0.704994162632681,-1.72855366311219,-2.03525322248915,5.39850863542298
"Estonia",0,0.585221336423246,0.0487088287018962,-0.374239563311172,1.11219789201832,0.000215736155156528,0.344941304869196,-0.214441402438805,0.904419177912813,-0.25822375104851,0.511831017927273,-0.0905827938500666,0.501613081468538,-0.34591930724799,0.0948241799220647,-0.235933059761219,-0.606799192403151,-0.58855026573405,0.905335805379259,1.13185991621731,5.70180001700586
"Ethiopia",0,-1.05166607682356,0.973304647716621,2.61682761325646,-0.869491145225797,-0.387201904481548,-0.581311989708585,0.140770598536641,-1.19126801075597,1.41737106051765,-1.31290931932316,-0.424698877419795,-1.52908300657892,0.219825930583788,-0.602998218116454,0.301292953995553,0.808370891624271,0.365455933295187,-1.30744435438441,-1.49601716028033,4.3837000300245
"Fiji",0,-0.0590647871484349,-0.30786399254704,-0.374239563311172,-0.772652940383137,-0.337234516736347,0.835810257435783,-0.210254360252333,0.598244314801825,-0.25822375104851,0.633480373743969,-0.851483289511408,0.398357348177989,-0.34591930724799,-0.414946287188992,-0.239234614367691,-0.153776459855225,-0.224268359764673,0.343953333936924,0.626775471281721,5.39850863542298
"Finland",0,1.18168682494547,-0.755699507905845,-0.374239563311172,1.24647354718675,0.950964148337233,0,-0.214503307632422,0.685186717196978,-0.25822375104851,0.636124924957375,1.15349660129082,0.676353553191005,-0.34591930724799,1.61936377048127,-0.209852764592464,-0.870478058406279,-0.881350439211323,1.13545334917132,1.52190733454836,7.58294999127848
"France",0,1.33742700125518,-0.721787687143708,-0.327441907752358,1.95828426938074,1.35482209910381,-1.1055849425075,0.0249065870647553,0.669236852009378,-0.238258908189728,0.681082295585284,0.278673573318175,0.668410804476347,-0.34591930724799,1.37005316979615,0.179272631921112,-0.932190133428287,-0.926713846369774,1.12444016697472,1.12107519497314,6.53996661254366
"Gabon",0,-0.727907453042808,0.453655864861528,-0.342377329739214,0.828338824214926,-0.280125667954322,-0.845249914502698,-0.183258068090363,-0.489786684956223,-0.240799888189937,-1.05374330040933,-1.15839399223068,-1.1769544802291,1.35670445613146,-0.278675944392488,-0.234645759017467,0.480174856279953,0.431439070980206,0.121950766500255,0.118096119264736,4.47805001326465
"Gambia",0,-1.01547748813749,0.686550280977966,-0.326446212953234,-0.604933162923685,-0.402416812158559,0.693135544579058,-0.211042244534733,-0.9160546506562,-0.225191011045798,0.448361788805519,-0.251547963881963,0.263330620028809,0.137658169851077,-0.619120077742422,-0.244784239757274,0.630247402356201,0.59227296908744,-0.964006962201051,-1.11495700965276,4.6332999305
"Georgia",0,0.436589632891163,-0.388155215233864,-0.355321362127822,0.265778737319681,-0.355798086084613,-0.0457156470004059,-0.0978795506025071,0.457197467750695,-0.250963808190771,-0.0408801856746687,0.607972037362301,0.0515239876379398,-0.34591930724799,-0.392434621739161,-0.217687450764003,-0.455324099167312,-0.422217772819731,0.231213126713863,0.193589167973971,4.39443326115548
"Germany",1,1.22950745999493,-0.736748784538768,-0.334411771346224,1.76460785969542,1.42479474126641,-0.0380723588116528,-0.0799439276881444,0.669862336918696,-0.239347899618389,0.535631978847931,-0.776668492172639,0.321577443936299,-0.34591930724799,1.42084565968685,0.301370114807094,-0.82138890782059,-0.815367301526303,1.23544145069305,1.3223899915311,6.95346669260384
"Ghana",0,-0.870723133393201,0.13149356762123,0.267983582123623,-0.821072042804467,-0.366232639102196,-0.443166632815566,0.0931711323898947,-0.844749370993988,0.0891645146943007,-0.1360840293573,-0.668130358154653,-0.356203779714484,0.125535057611825,-0.561119688830804,-0.0877180457345551,0.644272873952112,0.607394104806924,-0.473920354452477,-0.715922323618236,4.63833327475985
"Greece",0,1.23403103358069,-0.717798061171692,-0.371252478913801,1.05945268422602,0.421629982458131,0.430715983431869,-0.212516713691797,1.00449676340364,-0.255682771048302,0.392826213323984,1.33401563880899,0.607516397663972,-0.34591930724799,0.568057415343271,-0.141549509047638,-0.890113718640554,-0.897846223632577,0.993441262952036,1.13185991621731,5.21283335041854
"Grenada",0,0.414617989760333,-0.0784604991561162,-0.374239563311172,1.06943600431289,-0.231990357103362,0.696872263249116,-0.214756556151765,0.0803428098868126,-0.25822375104851,0.548854734914963,0.122526022811881,0.565155071185799,-0.34591930724799,-0.246045090769533,-0.244784239757274,-0.193047780323776,-0.194026088325706,-1.83115014989102,0.921557851955875,5.39850863542298
"Guatemala",0,0.253061790268939,-0.258492371143342,-0.165143655495192,-0.571489040632663,-0.245955583953285,0.355441175512332,-0.214756556151765,0.0919142807091891,-0.164570488183677,-0.453430174966071,0.294826768198136,0.138894223499173,-0.286650758522756,-0.478931458640653,-0.15284840743133,-0.772299757234901,-0.764505299560768,-0.20235846713112,-0.615264925339257,6.35298333803088
"Guinea",0,-1.37219357661449,0.768337613404296,0.116637972656819,-1.09661167720214,-0.394973194457419,-0.803250431930156,-0.0777097129730512,-1.05772698261665,0.0227360375459888,-1.25737374384162,-0.803873873023101,-1.45759826814701,0.105329870546404,-0.59629692915322,-0.166435053411467,0.642870326792521,0.618391294421094,-1.22107782031636,-1.38816994783856,4.03621663024707
"Guinea-Bissau",0,-1.43875473080494,-0.0420551621614695,-0.301553842975141,-0.573652093318152,-0.39212978325591,-0.137435105265443,-0.184923880573153,-0.959525851853777,-0.215753085330737,-0.31326896065553,-0.0126507132888491,-0.721570220588734,0.671075108378182,-0.592367579922574,-0.235050246763461,0.610611742121926,0.564779995052016,-1.73377043362637,-1.06822321759466,5.39850863542298
"Guyana",0,-0.377007387747499,0.321998207784997,-0.365278310119059,0.710702035857949,-0.314466014470418,0.400652383222774,-0.214756556151765,-0.111368314819046,-0.252415796762319,0.236797691733006,0.0780338895460222,0.25009270550438,-0.138479386709672,-0.486006095102292,-0.239835953262964,0.202470518680915,0.144137492310018,-0.0383200165186464,-0.34924180131624,5.39850863542298
"Haiti",0,-0.961194605108381,0.0377373572788519,-0.103410577949522,0.231502671688086,-0.385493574751764,-1.53700609805045,-0.208279021801457,0.033431441687989,-0.114113885322391,-1.19919361714668,0.120258907741009,-1.45230310233723,0.222519955525844,-0.586990652355018,-0.173497817328351,-0.120115328025039,-0.122544355833602,-0.769827170839996,-1.02148942553657,3.84146664143557
"Honduras",0,0.383599199457986,-0.172216709498494,-0.300558148176018,-0.378478185619802,-0.312428146789438,0.680396730931137,-0.214756556151765,0.0568871257874008,-0.225191011045798,0.559432939768589,0.955124032589543,0.565155071185799,-0.191012873079765,-0.527505175048022,-0.193371664240582,-0.533866740104414,-0.54456150727737,-0.175984793976111,-0.320482544665103,5.35953334928275
"Hungary",1,0.469547097587408,-0.131821746531831,-0.365278310119059,1.71435848192483,-0.225905796089503,0,-0.214570840570913,0.916928876099167,-0.253141791048093,0.710172358932755,0.794158862557646,0.708124548049636,-0.34591930724799,-0.0059502278054138,-0.163464267720046,-0.641862871392929,-0.638037618997814,0.817230347806482,0.896393502386131,5.44123332462406
"Iceland",1,1.36069109398194,-0.911294920814472,-0.374239563311172,0.725677015988257,1.93569064733359,0,-0.214756556151765,0.623889196083848,-0.25822375104851,0.321423330562011,1.12459088413721,0.316282278126527,-0.34591930724799,1.8887262204715,-0.242742521501047,-0.857855133969959,-0.860730708684754,1.19283782482727,1.76995592316442,7.50991668315336
"India",0,-0.399625255676294,-0.135811372503847,0.430680112300438,-0.653019488008786,-0.386845673966449,-1.76800325219943,3.96816049332725,-1.19158075321062,10.268693392673,-0.530122160154857,-0.655377835880999,-0.644790316347044,-0.312243995472289,-0.561963512711067,8.40907512817554,5.00899963459962,5.08737422387938,-0.364368173654747,-0.581113308066032,4.17704999037008
"Indonesia",0,-0.178616374772067,0.0237736663767957,2.03434615576909,-1.12057164541063,-0.363178991091182,-0.196033648045883,1.24800126382886,-0.933255485662436,0.825685717611922,-0.844823754550221,-1.37603703903437,-0.419745769431745,-0.324367107711542,-0.501171548127714,1.29946871216897,-0.305251553091064,-0.191276790922163,0.0619579055872122,-0.11197793394436,5.25760004482056
"Iraq",0,0.110892334716512,-0.214107782204663,0.122612141451561,-1.10409916726729,-0.345896871121182,-0.550172667458109,0.0962889030502515,0.499730441584295,-0.0375214881732449,-1.1225016319579,-0.622575514699323,-0.700389557349647,-0.34591930724799,-0.442966192692383,-0.0495450218975198,0.139355896499315,0.0767797059232274,0.0251506914038479,-0.602682750554385,4.57113337840629
"Ireland",1,1.12352659312857,-0.72727342285523,-0.374239563311172,2.02051363125557,1.87747552795006,0.344941304869196,-0.199043892462747,0.754615542131237,-0.25822375104851,0.168039360184439,0.777155499526108,0.162722469643146,-0.34591930724799,2.01894875334366,-0.216102048712279,-1.00512258572702,-1.01056741717782,1.22153006265525,1.62615963990873,6.98595002808521
"Israel",0,1.24243195595424,-0.830504994881146,-0.359304141324317,-0.514417727469377,0.284989969031523,0.777211714655342,-0.202246079296218,0.819665972700272,-0.252415796762319,0.511831017927273,0.670884480578993,0.284511283267896,-0.34591930724799,0.87424889980165,-0.196371316659528,-0.815778719182226,-0.816741950228075,1.1366126315078,1.06715158875226,7.13993332361821
"Italy",1,1.33419587726535,-0.872894770833817,-0.342377329739214,0.925509806393815,0.973364483104051,0.698231070038227,-0.0381466665067915,0.877836069266813,-0.244792856761693,0.591167554329466,1.22292700033627,0.528088910517396,-0.34591930724799,1.16036295509663,0.147635078805701,-0.957435982300927,-0.943209630791028,1.06647605015052,1.13006246267662,6.08323339584452
"Jamaica",0,0.518013957434826,-0.178201148456518,-0.358308446525193,-0.233220878355812,-0.339533180477782,0.194949940071101,-0.214739672917142,0.341170017072272,-0.252415796762319,0.316134228135198,-0.321545141695129,0.297749197792326,-0.100763037520887,-0.381593842410981,-0.226520489937237,-0.650278154350476,-0.676527782647409,0.378152162863199,0.0785521413694227,5.69996665705005
"Japan",1,1.37038446595142,-0.849455718248223,-0.328437602551482,0.619521045731183,1.4351747135491,0,0.404368540703517,-0.650536306650859,-0.234991933903746,0.585878451902653,0.243249900335803,0.591630900234657,-0.34591930724799,1.49683190147262,0.59446729464676,-0.665706173105978,-0.719141892402317,1.15226294305033,0.855052070950121,5.91663334904899
"Jordan",0,0.38295297466002,-0.393142247698884,-0.310515096167255,-1.00859207176955,-0.274260366706117,0.759377375548252,-0.212370392325066,0.720213872118766,-0.234991933903746,0.633480373743969,1.22462733663943,0.623401895093288,-0.34591930724799,-0.454570350821024,-0.200881370282621,-0.200060516121732,-0.207772575343418,0.467996543940703,0.355359986636616,5.08856665477795
"Kazakhstan",0,-0.260686924113695,0.546414668710901,-0.260730356211069,0.519854233530577,-0.30731533608212,0.772116189196174,-0.102477418164802,0.327722091521942,-0.211397119616094,0.649347681024407,-0.799623032265216,0.599573648949315,-0.34591930724799,-0.224297677047653,-0.139989339152898,-0.525451457146867,-0.49919810011892,0.542480434059794,0.58183913276432,5.87498328655058
"Kenya",0,-1.22033074909258,1.47599752019065,0.675222754965222,-0.737877708747199,-0.373536846497999,-0.154905478268307,0.0233083075204569,-1.15311343128759,0.314585740427097,-0.506321199234199,-0.523601772386577,-0.499173256578321,1.52103997759688,-0.575372084344269,0.0127106630595262,0.812578533103045,0.764104056808845,-0.607237823148127,-0.584708215147424,4.47166669271619
"Kiribati",0,-0.427412921988814,-0.272456062045398,-0.374239563311172,-1.02772676860272,-0.366290262146269,-0.12979181707669,-0.214756556151765,1.54241378541681,-0.25822375104851,-0.292112550948279,-0.0732960414346692,-0.311194870331424,-0.34591930724799,-0.549307109196407,-0.244032062283472,-1.03738117039762,-1.02843785030084,-1.22571494966229,-0.088611037915311,5.39850863542298
"Kuwait",0,0.471485771981304,-0.640997761210383,-0.366274004918183,-1.13238524084676,0.403171937998127,0.807784867410355,-0.213372130912689,1.05078264669314,-0.252415796762319,0.678437744371878,-1.31397476396925,0.686943884810549,-0.34591930724799,1.31446219195254,-0.244784239757274,-0.336107590602069,-0.364482527345339,0.74854286936981,0.495561362810909,6.14084998567891
"Latvia",1,0.459853725617924,-0.014127780357357,-0.374239563311172,1.07459405302444,-0.153876640062318,0.430715983431869,-0.214458285673427,0.635460666906225,-0.25822375104851,0.546210183701557,0.183171350957701,0.53867924213694,-0.34591930724799,-0.0624753246326547,-0.229758695592992,-0.532464192944823,-0.523941776750802,0.762454257407617,1.02581015731625,5.72183328560543
"Lebanon",0,0.508320585465342,-0.784125592956459,-0.358308446525193,-0.692120825015701,-0.246414204422979,-0.320874021795517,-0.188176717110492,0.837179550161166,-0.252415796762319,-0.46136382860629,0.327416547341918,-0.499173256578321,-0.34591930724799,-0.248868560114605,-0.216032103248041,-0.00230136661938605,-0.0208203519025302,-0.734469059577236,0.500953723432997,5.08658333593876
"Lesotho",0,-2.11987566786066,3.08381678691312,-0.302549537774265,-0.616913147027931,-0.363951585922916,-0.209556388687523,-0.190742968773169,-0.668988111475729,-0.221561039616929,-0.60152504291683,0.725578631663775,-0.120568901179642,4.58279932424362,-0.567994151826942,-0.230800064318096,0.540484384142371,0.496047559963454,-0.794172099906158,-0.386988325670857,3.99376003414761
"Liberia",0,-1.21580717550682,0.66510604137838,-0.203975752661017,-0.324568257150692,-0.390579320887029,-1.19220887531337,-0.151247455245401,-0.931691773389141,-0.17255642532719,-0.961184007940103,0.401097787145251,-1.76207030220888,0.124188045140797,-0.604278499160157,-0.220371258551226,0.686349288739845,0.648633565860061,-1.10659868958857,-0.613467471798561,3.95898332406177
"Libya",0,0.331254990822774,-0.190668729619068,-0.339390245341842,-1.13521384820471,-0.318068092110919,0.731351985522824,-0.165474394287606,0.81216015378846,-0.243703865333032,0.607034861609904,-0.923464193011587,0.602221231854201,-0.34591930724799,-0.278736771949463,-0.244784239757274,0.184237405606231,0.135889600099391,0.522772634339568,0.802925918269935,5.5789666907279
"Lithuania",1,0.364212455519018,-0.36970319511329,-0.374239563311172,2.01518919387591,0.0733712855417475,0.667657917283215,-0.213411525126809,0.531630171959495,-0.25822375104851,0.281755062360915,0.274989511328008,0.506908247278309,-0.34591930724799,-0.0613341568722824,-0.22323379185857,-0.413247684379579,-0.405721988398476,0.828243530003079,1.17859370827541,5.97741663806816
"Luxembourg",1,1.1887952977231,-0.766172276082387,-0.374239563311172,1.83781887366581,3.42803238548915,0.570842933559009,-0.214655256744028,0.46126311966126,-0.25822375104851,0.673148641945065,0.700073587116467,0.70547696514475,-0.34591930724799,4.92686773269375,-0.241525627369733,-0.85925768112955,-0.857981411281212,1.15950845765336,0.470397013241164,6.98625001784611
"Madagascar",0,-0.676209469205562,0.520482099892797,0.182353829398984,-0.933051616445549,-0.382156650471289,-0.612046905176587,0.647520885742097,-1.19283172302926,0.0387079118330146,-0.940027598232852,-0.505748241203462,-0.89101552650143,-0.254322459218083,-0.599610753212909,-0.112443735518182,0.693362024537801,0.652757511965374,-0.7947517410744,-0.768048476298422,3.81543331273429
"Malawi",0,-2.00484765382279,2.08142326144409,0.217203147368314,-0.908259704896483,-0.390308580669957,0.456557576831939,0.465924814138502,-1.09212865262912,0.0829935632652225,0.29233326721454,0.322315538432457,0.0568191534477115,3.22770477838941,-0.601604083463765,-0.15054558977452,0.525056365386869,0.478177126840428,-1.00834951157156,-0.509215166438189,3.8255000226017
"Malaysia",0,0.462438624809786,-0.359230426936747,-0.321467738957616,-1.01524761849413,-0.285836860291067,0.718613171874902,-0.0839114878245189,-0.472273107495329,-0.234265939617972,0.601745759183092,-0.914679122111959,0.599573648949315,-0.34591930724799,-0.155554378944599,-0.0643725630686227,0.860265136529142,0.790222382142498,0.561318772027658,0.161235004241441,5.8173833904377
"Maldives",0,0.646612692229976,-0.641496464456885,-0.374239563311172,-0.786463199836643,-0.108958746259642,0.795046053762433,-0.200540872599308,-0.966406185856271,-0.25822375104851,0.665214988304846,0.993098210026645,0.66046805576169,-0.34591930724799,-0.3404220757998,-0.242453601682479,2.112739750044,2.08376681050923,0.0489159793017681,-0.000535814421204016,5.197599888
"Mali",0,-1.48334424186457,0.307535813636439,0.516907281904552,-1.02839232327518,-0.379473594971065,-0.457277318702495,-0.140622272922741,-1.07054942325766,0.30224383756894,-0.831600998483189,0.264504104125226,-0.64743789925193,0.0258561347557496,-0.587250541308182,-0.148323328918221,0.515238535269731,0.337962959259762,-1.21904907622751,-1.60206691918139,4.30405001320341
"Malta",1,1.1454982362594,-0.820530929951106,-0.374239563311172,0.641817127258531,0.150976301674629,0.0883358689254173,-0.214559585081165,1.37978770899423,-0.25822375104851,0.308200574494979,1.14612847731049,0.297749197792326,-0.34591930724799,0.399641925583101,-0.241992805400628,-0.904139190236465,-0.901970169737891,0.849110612059789,0.662724542095643,6.57379998656816
"Marshall Islands",0,-7.90552670351504e-05,0,-0.374239563311172,-1.13521384820471,0.0059787150168906,-2.86863675137988,-0.214756556151765,2.15132334463754,-0.25822375104851,-0.133439478143893,4.82027183904207,-0.139101981513843,-0.34591930724799,-0.425451314351458,-0.244784239757274,-1.05000409483394,-1.03668574251147,0,-3.45164661255764,5.39850863542298
"Mauritania",0,-0.670393446023871,-0.0290888777524173,-0.249777713420708,-1.13438190486414,-0.387566777210052,-0.845249914502698,-0.141286346817907,-0.807220276434929,-0.188891296757103,-0.807800037562531,-0.835330094631447,-0.938672018789376,-0.111539137289111,-0.565893898708641,-0.221961985365825,0.381996555108576,0.441061611892604,-0.718818748034703,-1.34682851640255,4.35826662514909
"Mauritius",0,0.354519083549535,-0.00016408945530074,-0.374239563311172,-0.412255085247053,-0.204636078656224,0.726256460063655,-0.209866045856007,-0.631771759371329,-0.25822375104851,0.607034861609904,-0.584813879300115,0.594278483139543,-0.344572294776962,-0.244969823350127,-0.236649291903159,0.60359900632397,0.571653238560872,0.438434844360363,0.439840303049331,5.77238332498669
"Mexico",0,0.665353211370977,-0.419074816516989,0.257030939333262,0.138657794880175,-0.184453291125177,0.654919103635293,-0.21376607305389,0.641090031090084,0.0118461232593803,0.546210183701557,0.0737830487881376,0.53867924213694,-0.34591930724799,-0.137449252952922,0.620478416764245,-0.683939286180662,-0.691648918366892,0.467416902772461,0.0929317696949911,6.68183337027742
"Mongolia",0,-0.351158395828876,0.467120852517082,-0.34934719333308,-0.550191291114003,-0.343220066969571,0.777211714655342,-0.0275327396738803,0.0593890654246714,-0.246970839619015,0.651992232237814,-0.305958725582886,0.639287392522603,-0.34591930724799,-0.384040099599721,-0.227431442419899,-0.560515136136645,-0.533564317663201,0.157598698347135,0.191791714433275,5.10036667445101
"Montenegro",0,0.53933937576769,-0.565194867742077,-0.374239563311172,-0.492715891185296,-0.189267443623392,-1.21768650260921,-0.214700278703022,0.594491405345919,-0.25822375104851,0.090818464752971,0.645662825415545,0.0938853141161137,-0.34591930724799,-0.346067275734765,-0.240650493331316,-0.59277372080724,-0.57755307611988,-0.205546493556451,-0.369013790263897,5.33435002142599
"Morocco",0,0.297005076530598,-0.545745441128499,-0.0337119420108622,-1.00825929443332,-0.354175543894812,0.361926389733092,0.0187273231927847,0.500981411402931,-0.113750888179504,0.62554672010375,-0.194586697726309,0.631344643807945,-0.34591930724799,-0.489911642567147,-0.0314284559641339,0.376386366470212,0.329715067049135,-0.197431517201063,-0.493038084571925,5.15930002141907
"Mozambique",0,-1.64296176696207,0.500035266786215,0.813624332043419,-0.821737597476925,-0.385069687526263,-0.428219758135338,0.211601395524456,-1.12402838300432,0.364679346145496,-0.556567672288921,0.0307078624415738,-0.771874295781566,2.08678521542866,-0.595990144421884,-0.0906929501405311,-0.218293629196416,-0.240764144185928,-1.23933651711598,-1.15450098754808,4.60552003934697
"Myanmar",0,-0.525639091279582,-0.0739721699375981,0.527859924694913,-1.05002285013007,-0.396409672948087,-0.526262894149702,-0.132411393151151,-1.07492781762288,0.188625731845325,-0.485164789526948,-1.65262507768072,-0.419745769431745,-0.265098558986308,-0.584885761075943,0.086069308923955,1.87430673291351,1.8940652896648,-0.648392346093306,-1.05743849635049,4.37050002738232
"Namibia",0,-0.918543768442653,1.19373148267051,-0.328437602551482,0.0379926506708811,-0.233822374594167,0.324559203032521,-0.149739219619091,-0.519497218148812,-0.236080925332407,-0.154595887851145,0.636877754515916,0.0515239876379397,2.57305671746978,-0.403940028475856,-0.229812872088373,1.32871588783257,1.29609310439431,-0.184389590915619,-0.12995246935132,4.55982002334888
"Nauru",0,-7.90552670351504e-05,0,-0.374239563311172,-1.13521384820471,-0.395106544405278,0.351735338814754,-0.214756556151765,2.43654446328639,-0.25822375104851,0.205063077172128,-0.531536675134628,0.199788630311548,-0.34591930724799,-0.611829796016491,-0.244784239757274,-1.05000409483394,-1.03668574251147,0,-0.690757974048492,5.39850863542298
"Nepal",0,-0.289767040022146,-0.130325636792325,0.0897542130804784,-1.09028890781379,-0.383604545484444,-0.529398602124575,0.205168883133143,-1.17250346347644,-0.036795493887471,-0.551278569862108,-0.0047158105407978,-0.364146528429142,-0.333796195008738,-0.594193913456732,-0.0718959154837519,2.77193691505181,2.82745175816747,-0.61998992884945,-0.451696653135915,4.86653329536475
"Netherlands",1,1.22498388640917,-0.813549084500078,-0.358308446525193,1.07026794765346,1.38020071287744,-1.22991576371122,-0.192071116563501,0.768688952590884,-0.252415796762319,0.620257617676937,0.527489452346353,0.61545914637863,-0.34591930724799,1.74665669954999,-0.136463842685619,-0.842427115214456,-0.846984221667042,1.25978637975922,1.45360410000191,7.41198334634025
"New Zealand",1,1.24630930474203,-0.73475397155276,-0.374239563311172,1.15003051543087,0.966343093132266,-0.333612835443439,-0.206208011687718,0.901604495820884,-0.25822375104851,0.294977818427947,1.2648686291474,-0.493878090768549,-0.34591930724799,0.973767130753906,-0.244784239757274,-1.00231749140784,-0.992696984054793,1.22008095973464,1.97486562680377,7.31076670894995
"Nicaragua",0,0.430773609709473,-0.00963945113883892,-0.32545051815411,-0.240042813748508,-0.316387479276314,0.550460831722334,-0.214756556151765,0.203876079477048,-0.23680691961818,0.25530955022685,0.352921591889226,0.406300096892646,-0.31897905782743,-0.534396644274439,-0.207712588115753,-0.6306424941162,-0.646285511208442,-0.113963188974222,-0.255774217200045,6.04568338653035
"Niger",0,-1.27202873292982,0.549406888189914,0.467122541948366,-1.11491443069474,-0.393470498713571,-0.725604329695204,1.17796397886831,-1.11308239709126,0.355604417573322,-1.23621733413437,0.287742033601662,-1.26961988190011,-0.116927187173223,-0.60313451532082,-0.144625999515449,0.952833249062155,0.901568926985968,-1.53002656298932,-2.29588398589007,4.23876660982162
"Nigeria",0,-1.85363105109884,0.67757362254093,8.15986055997818,1.0203513472191,-0.362393956702328,-1.44559545951021,4.43636635588869,-0.943575986666177,4.69051629792928,-1.72810385982797,-0.930832316991921,-1.82031712611637,0.673769133320238,-0.53410339603533,0.739907252674706,1.26560126565097,1.22186207449867,-1.20890535578328,-0.863313513955313,5.0601833324574
"Norway",1,1.29348371499352,-0.776645044258929,-0.374239563311172,0.41828435093841,1.77981289620744,0,-0.214188153919461,0.610754012988178,-0.25822375104851,0.461584544872551,1.35413628506298,0.239502373884837,-0.34591930724799,3.71606733565678,-0.212944125549824,-0.901334095917283,-0.904719467141434,1.40672541590855,1.57223603368785,7.53216668254846
"Oman",0,0.574881739655797,-0.764676166342881,-0.358308446525193,-1.00426596639857,-0.220950152115445,0.833262494706198,-0.213777328543638,0.308957544242413,-0.252415796762319,0.69166050043891,-1.2853524361995,0.697534216430092,-0.34591930724799,0.259913255305533,-0.244784239757274,0.504018157993002,0.442436260594376,0.405395297770571,0.0641725130438541,6.853
"Pakistan",0,-0.494620300977234,-0.0764656861701082,5.48741571913013,-1.13122052016996,-0.390181789817352,-0.451005902752749,0.13122031548497,-1.01550675123771,2.41924317488563,-0.760198115721215,-1.27373347146128,-0.483287759149006,-0.34591930724799,-0.564640843909058,0.831551529286896,2.31330399386552,2.35319795605639,-0.589848588100868,-1.51938405630938,5.40221663723429
"Palau",0,-7.90552670351504e-05,0,-0.374239563311172,0,-0.240960667321816,0.840905782894951,-0.214756556151765,2.23638929230474,-0.25822375104851,0.712816910146161,1.43235175500805,0.708124548049636,-0.34591930724799,-0.515687970316885,-0.244782321249358,-1.05000409483394,-1.03668574251147,0.699853011237486,0.632167831903809,5.39850863542298
"Panama",0,0.744838861520744,-0.380674666536334,-0.356317056926946,0.412699931264816,-0.135437058154951,0.0120336415368396,-0.214734045172268,0.53569582387006,-0.248422828190563,0.107214682276091,0.774321605687518,-0.096740655035669,-0.340531257363878,-0.204363767171573,-0.221312182381768,-0.60539664524356,-0.614668591067703,0.557261283849964,0.222348424625108,6.49913336252397
"Papua New Guinea",0,-0.78606768485971,0.821698860780011,-0.204971447460141,-0.992785148298668,-0.367112610899137,-0.871190771385739,-0.00316460436820397,0.109115115715424,-0.178364379613381,-0.828956447269782,-0.18608501621054,-0.589191075344441,-0.115580174702195,-0.558286913589265,-0.20052007113928,-0.756871738479399,-0.759006704753683,-0.750699012288011,-0.994527622426126,5.39850863542298
"Paraguay",0,0.395877470619332,-0.18867391663306,-0.323459128555863,0.241818769111187,-0.294780815346636,0.154185736397752,-0.214756556151765,0.045941139874342,-0.23680691961818,-0.178396848771803,0.373325627527072,0.310987112316755,-0.337837232421822,-0.474557132964492,-0.205088158805565,-0.578748249211329,-0.592674211839364,0.130355563439763,0.0479954311775897,5.67085001308626
"Peru",0,0.452745252840303,-0.328310825653623,-0.18605324627679,-0.069827206267338,-0.207053454677689,0.216899895895213,-0.214722789682519,0.313335938607636,-0.170378442469869,0.0278781458738982,-0.413930080833154,-0.054379328557495,-0.304161920646121,-0.398340048173618,-0.0509014977457379,-0.798948153267132,-0.790623624894421,0.34859046328286,0.375131975584273,5.73980004826465
"Philippines",0,-0.17667770037817,0.433707735001447,0.600545645030944,-0.0119239497634796,-0.360467721065115,-0.662274227559821,0.428579099152713,-0.971722807585471,0.199515646131933,-0.167818643918177,-0.848082616905101,-0.133806815704071,-0.34591930724799,-0.516976511877019,0.360491037903485,-0.848037303852821,1.07340001470737,0.103692069700633,-0.131749922892017,5.49049997838977
"Poland",1,0.658244738593356,-0.447002198321101,-0.338394550542719,1.35778756615538,-0.256890485486143,0.774663951925758,-0.210485097792179,0.756804739313849,-0.242614873904372,0.61761306646353,0.203575386595547,0.697534216430092,-0.34591930724799,-0.0770934119618335,0.00656581607185092,-0.577345702051738,-0.539062912470285,0.85838487075166,0.934140026740748,6.01504997509851
"Portugal",1,1.10737097317943,-0.835492027346166,-0.371252478913801,1.91003155562752,0.354015269378266,0.377212966110598,-0.214103737746347,0.251412932585189,-0.256045768191189,0.607034861609904,0.872374332502723,0.623401895093288,-0.34591930724799,0.43595198759151,-0.147800757256358,-0.911151926034421,-0.940460333387486,0.820418374231812,1.13185991621731,5.40565004794356
"Qatar",0,0.801060418943749,-0.703834370269636,-0.374239563311172,-0.867827258544651,0.753079924377491,0.680396730931137,-0.206089829045358,1.35320460034823,-0.25822375104851,0.58058934947584,-1.40239225173325,0.313634695221641,-0.34591930724799,2.66030477243934,-0.244784239757274,0.039775048168347,-0.0496879746397261,0.928811272693058,0.24391786711346,6.4218
"Romania",1,0.492811190314168,-0.0600084790355419,-0.329433297350605,1.10071707391842,-0.202623274293549,0.54791306899275,-0.0917847029036508,0.682684777559707,-0.239347899618389,0.532987427634525,-0.264583875539476,0.53867924213694,-0.34591930724799,-0.26054499169565,-0.0972411198898342,-0.361353439474708,-0.28750220004615,0.623920018197789,0.553079876113183,5.76928332521086
"Rwanda",0,-1.03098688328866,0.664108634885376,-0.0436688900020993,0.268940122013857,-0.392959003347543,0.718613171874902,-0.16920558913926,-1.19376995039324,-0.0720062167475051,0.268532306293883,0.191389643089611,0.300396780697212,0.586213322703416,-0.594727263728352,-0.174877183045635,0.415657686938762,0.405320745646552,-0.97559978556589,-0.780630651083295,3.4175499871885
"Samoa",0,0.448221679254543,-0.239541647776265,-0.374239563311172,-0.462837240353871,-0.283161313640123,-0.955266941462022,-0.214705906447896,1.215910662753,-0.25822375104851,-1.05374330040933,-0.244463229285489,-0.819530788069512,-0.34591930724799,-0.455634760510937,-0.243575959200887,-1.02756334028048,-1.02156460679199,0.233531691386831,0.18460190027049,5.39850863542298
"Sao Tome and Principe",0,-0.426120472392883,0.0108073819677435,-0.374239563311172,-0.0916241217903422,-0.377911958608806,0.201221356020847,-0.214756556151765,-0.888533314646224,-0.25822375104851,0.355802496336295,0.291426095591829,0.543974407946712,-0.158684573775092,-0.562178297940933,-0.243692202630352,0.417060234098354,0.383326366418213,-0.46290717225588,-0.502025352275405,5.39850863542298
"Saudi Arabia",0,0.43271228410337,-0.889351977968383,-0.2368336810321,-1.1190741473976,-0.00965298651031257,0.751734087359499,-0.146385083674014,0.835928580342531,-0.200144208186598,0.620257617676937,-0.83986432477319,0.618106729283516,-0.34591930724799,0.313088017297142,-0.244784239757274,0.57835315745133,0.562030697648473,0.716662605116502,0.369739614962185,6.38108328761182
"Senegal",0,-0.694303763548598,0.0846154624500408,-0.0187765200240065,-1.06050533622128,-0.392352379781892,0.3279562200053,0.0777736224138369,-1.00893915968987,-0.0455074253167578,-0.28417889730806,-0.409112461307552,-0.168225393467587,-0.252975446747055,-0.0766075970489895,-0.156609447558252,0.74385372228308,0.698120919123825,-0.906622486545097,-1.40254957616413,4.49179999990202
"Serbia",0,0.483117818344685,-0.264476810101366,-0.358308446525193,1.02933633529728,-0.18472626001368,0.504601102589816,-0.208110189455228,0.677055413375849,-0.252052799619432,0.527698325207712,0.126776863569766,0.467194503705021,-0.34591930724799,-0.378964739691958,-0.196165364095553,-0.535269287264005,-0.525316425452573,0.526830122517261,0.439840303049331,5.41236668848775
"Seychelles",0,0.319622944459394,-0.0191148128223771,-0.374239563311172,0.410037712574983,-0.183749307224238,0.828166969247029,-0.214694650958148,-0.510427686963706,-0.25822375104851,0.69166050043891,-0.892007971403241,0.686943884810549,-0.34591930724799,0.314596272871657,-0.244218115666128,0.252962216426195,0.326965769645592,0.290916167042785,0.260094948979725,5.39850863542298
"Sierra Leone",0,-2.39581365659196,1.54980560067294,0.0648618431023855,-0.350358500708445,-0.38878350131964,0.206795947976177,-0.154078210917168,-1.01581949369237,-0.015015665314254,-0.440207418899038,1.41024738306705,-0.430336101051289,-0.0401474763246246,-0.597305584295657,-0.2050231143242,0.651285609750068,0.50292080347231,-1.23469938777004,-1.08440029946093,4.45373334277104
"Singapore",1,1.26052625029727,-0.810556865021066,-0.374239563311172,-0.697819636898624,0.690180462333784,0.713517646415733,-0.207035290184239,-0.635524668827235,-0.25822375104851,0.591167554329466,-0.940467556043126,0.588983317329771,-0.34591930724799,1.45515699608088,-0.244784239757274,-0.595578815126423,-0.603671401453533,1.10734075251158,0.569256957979447,6.51518333628381
"Slovenia",1,1.08022953166488,-0.695356415079102,-0.374239563311172,1.54647231579726,0.326584075188329,0,-0.214210664898959,0.680182837922437,-0.25822375104851,0.55149928612837,1.25608355824777,0.53867924213694,-0.34591930724799,0.486856359463228,-0.229442225967894,-0.675524003223115,-0.664155944331468,1.07748923234712,1.28644092071718,5.9672333131672
"Solomon Islands",0,-0.162460754822928,-0.187676510140056,-0.374239563311172,-0.937876887820871,-0.349942178333824,0.01033513305045,-0.214756556151765,0.0284275624134479,-0.25822375104851,0.236797691733006,0.15596597010724,-0.292661789997223,-0.34591930724799,-0.545151342772161,-0.241487553693152,-0.793337964628768,-0.781001083982023,-0.685489380860791,-0.967565819315685,5.39850863542298
"Somalia",0,-1.65071646453765,1.22215756772112,0.420324886389551,-1.13521384820471,-0.402416812158559,-1.48265382648598,0.27995035702271,-0.996742203958177,0.209679566132768,-2.21470128309475,0,-2.24393039089811,-0.186971835666681,-0.614702579387639,-0.244784239757274,0.558717497217055,0.498796857366996,0,0,5.06025000572204
"South Africa",0,-1.21839207469868,1.98816575434821,0.401406685206201,0.756292530921332,-0.113708495241389,-0.483930836488916,-0.0791504156608695,-0.0228622001505993,0.147244057556213,-0.7125961938799,1.02257070594798,-0.512411171102751,3.61833839498754,-0.322696890469289,0.0850540725105512,0.986494380892341,1.37719737779881,0.00457342993125843,0.256500041898333,4.69834996419755
"South Sudan",0,-1.59320245751872,1.45804420331657,0.0678489274997567,0,-0.398556618719173,-1.93106006689283,-0.186325189046851,0,-0.00702972817074107,-1.61438815765149,-1.35619978216424,-1.49466442881541,0.428612863593134,-0.584555857815832,0.121234751713866,0,0,-2.30181877850349,-3.01127049508711,3.26932003282173
"Spain",1,1.321917606104,-0.797590580612014,-0.348351498533956,1.36411033554373,0.690231249533505,0.575938459018178,-0.174248048546624,1.00387127849432,-0.247333836761902,0.61761306646353,1.12062343276318,0.612811563473744,-0.34591930724799,0.825015365789402,0.0533439688008291,-0.937800322066652,-0.948708225598113,1.03169758005601,1.25228930344395,6.35964996082162
"Sri Lanka",0,0.425603811325748,-0.153265986131418,-0.310515096167255,-0.614583705674328,-0.374427696185122,0.499113613633788,-0.0868547983937727,-1.06742199871107,-0.230635968189102,0.686371398012097,-0.905043883060754,0.684296301905663,-0.34591930724799,-0.501764249102128,-0.103045844004447,2.36660078592999,2.32158103591565,0.450317488309323,0.349967626014528,4.38166669970341
"Sudan",0,-0.771204514506502,0.612243497249167,0.655308858982748,-0.773817661059939,-0.356653996172421,-0.244904369495183,0.0650999409569355,0,0.302969831854714,-0.419051009191787,-0.0871821212437589,-0.419745769431745,-0.313591007943317,-0.555266148005942,-0.0256462952601549,0,0,-0.867496707688765,-1.61824400104766,4.24174998474121
"Suriname",0,0.0824584436060267,0.0192853371582776,-0.374239563311172,0.106212004597841,-0.164233702800029,0.281324441560786,-0.214756556151765,0.577916055249001,-0.25822375104851,-0.165174092704771,0.324015874735611,0.0118102440646517,-0.203135985319018,-0.302168145440866,-0.241361044685904,-0.284213345697198,-0.298499389660319,-0.681721713267218,-0.0508645135606938,6.269
"Sweden",1,1.36844579155753,-0.832998511113656,-0.374239563311172,0.591068583483598,1.6764581235064,-0.781509523304369,-0.213051349454855,0.882839948541355,-0.25822375104851,0.683726846798691,1.71404080256387,0.679001136095891,-0.34591930724799,1.91714472330562,-0.183622532198962,-0.769494662915719,-0.771378543069624,1.22906539784239,1.11208792726966,7.32491663481523
"Switzerland",1,1.34905904761856,-0.860427189671267,-0.374239563311172,1.44247939822568,4.18883799594543,0,-0.178964098751279,0.64202825845406,-0.25822375104851,0.559432939768589,0.0794508364653171,0.520146161802739,-0.34591930724799,2.86682057468829,-0.194115424014518,-0.951825793662562,-0.972077253528224,1.31224390548511,0.975481458176757,7.51948329417305
"Tajikistan",0,-0.27167274567911,0.111545437761149,-0.203975752661017,-1.05518089884162,-0.39432402216474,0.246913100797569,-0.196010537975504,-0.274932618605611,-0.184172333899573,0.260598652653663,-0.107302767497746,0.29510161488744,-0.312243995472289,-0.586040909883785,-0.196633909966745,-0.218293629196416,-0.211896521448732,-0.20525667297233,-0.379798511508073,5.1741166190623
"Thailand",0,0.392646346629504,-0.0255979550269032,-0.181074772281172,0.392566902422957,-0.214463090824348,0.759377375548252,0.173507190470386,-0.851316962541824,-0.17618639675606,0.683726846798691,-0.910995060121792,0.673705970286119,-0.2839567335807,-0.396649951044842,0.190397662239765,0.84483711777364,0.854830871125746,0.308885043258286,0.157640097160049,6.23863326456283
"Togo",0,-1.30498619762607,1.17877038527545,-0.148216843910089,-0.901271380835673,-0.391312897211363,-0.0711932742962495,-0.166808169822813,-1.03145661642531,-0.133715731038287,-0.633259657477707,-0.279320123500142,-0.337670699380283,0.464982200310892,-0.595568771526238,-0.204368529853375,0.693362024537801,0.643134971052976,-0.844600881543208,-0.388785779211553,3.65136665909318
"Tonga",0,0.335778564408533,-0.270959952305892,-0.374239563311172,-0.846363120357876,-0.250741647533504,-0.117053003428768,-0.214734045172268,1.21778711748095,-0.25822375104851,-0.223354219399712,-0.295189928996245,-0.507116005292979,-0.34591930724799,-0.443789351645235,-0.243930210537856,-1.05000409483394,-1.03668574251147,0.32801320181027,0.637560192525898,5.39850863542298
"Trinidad and Tobago",0,0.184561961684588,-0.00166019919480678,-0.374239563311172,0.370936375568067,-0.140428771524167,-0.955630907566249,-0.214756556151765,-0.0438159446127405,-0.256771762476963,-0.241866077893557,-0.298023822834835,-0.668618562491017,-0.232770259681635,1.05850572266052,-0.23610641945451,0.304856461331065,0.372329176804043,0.581026571747884,0.0947292232356872,6.17998333287541
"Tunisia",0,0.524476205414482,-1.15565951160046,-0.322463433756739,-0.810589556713251,-0.230631957050559,0.749186324629914,-0.211768223623517,0.482842349032719,-0.23680691961818,0.657281334664627,0.0647145885046505,0.652525307047032,-0.34591930724799,-0.43068406976188,-0.161159965190671,0.365165989193483,0.335213661856219,0.299320963982293,0.5908264004678,4.67236663688977
"Turkey",0,0.478594244758926,-0.520311575556896,0.0549048951111484,-0.782969037806238,-0.28371396135842,0.354283101544339,0.260039395657472,0.890971252362484,-0.0709172253188443,-0.0567474929551073,-0.1200552897714,-0.0649696601770385,-0.34591930724799,-0.083753002194458,0.219689925251065,0.0523979726046669,0.00804727083466572,0.348880283866981,0.193589167973971,5.3681333625
"Turkmenistan",0,-0.482342029815889,0.408772572676347,-0.269691609403182,-0.475150001794347,-0.314458065760217,0.771024290883495,-0.213394641892187,-0.0244259124238933,-0.211397119616094,0.567366593408808,-1.30575647183734,0.596926066044429,-0.34591930724799,-0.42353978700787,-0.211537517595023,-0.323484666165749,-0.319119120186888,-1.93113825141276,-0.624252193042737,5.50501668678381
"Tuvalu",0,-7.90552670351504e-05,0,-0.374239563311172,-1.13521384820471,-0.365749203156028,-2.82787254770653,-0.214756556151765,2.0362341213231,-0.25822375104851,-3.09533683715909,4.55246887129534,-3.10439483498602,-0.34591930724799,-0.429499282714656,-0.244772288504193,-1.02756334028048,-1.03668574251147,0,-3.45164661255764,5.39850863542298
"Uganda",0,-1.4038585917148,1.09000120739809,1.05458247343136,0.871599877924705,-0.380077406137034,-0.609135176342776,0.901304040848211,-1.15498988601554,0.548355900446293,-0.707307091453087,1.12289054783405,-0.73745571801805,1.28127175775389,-0.594589683299631,-0.0346600889234611,0.332907404522887,0.317343228733193,-0.847499087384418,-0.404962861077818,4.08883333520447
"Ukraine",0,0.0675952732528183,0.336460601933556,-0.293588284582152,0.70155065911165,-0.323055549867033,-0.968005755109944,0.271047264631583,0.614819664898743,-0.22373902247425,-0.030301980821043,0.372758848759354,-0.520353919817408,-0.251628434276027,-0.487300977243595,0.062300362448389,-0.494595419635863,-0.470330477381724,0.410322247700628,0.749002312049053,4.34945002242493
"United Arab Emirates",0,0.663414536977081,-0.770161902054403,-0.358308446525193,-0.700939424425772,0.481344977713041,0.631989239069034,-0.207946984853874,0.760557648769755,-0.252415796762319,0.546210183701557,-1.21733898407334,0.522793744707625,-0.34591930724799,1.45245446233082,-0.244784239757274,0.0902667459136267,0.0341655961683192,0.887946570332,0.233133145869284,6.75196664308146
"Uruguay",0,0.702188024855016,-0.348258955513703,-0.365278310119059,0.402882999846058,-0.111141953881297,0.649823578176124,-0.214756556151765,0.71646096266286,-0.253867785333867,0.511831017927273,1.21130803559805,0.289806449077668,-0.34591930724799,-0.100279801281767,-0.222676459559908,-0.713392776532075,-0.719141892402317,0.637831406235596,0.92874766611866,6.43268336486422
"Uzbekistan",0,-0.129503290126683,0.169395014355382,-0.0247506888187487,-0.736213822066054,-0.381631894981513,0.704054527705849,-0.195988026996007,-0.19017941339307,-0.109031925321974,0.694305051652316,-0.11155360825563,0.684296301905663,-0.323020095240514,-0.55663074175845,-0.226308534233872,-0.366963628113073,-0.360358581240025,-0.11628175364719,-0.10299066624088,6.08143333759159
"Vanuatu",0,0.217519426380832,-0.205131123767627,-0.374239563311172,-0.93637938980784,-0.270172931869347,-0.906859449599919,-0.212876889363752,0.282687178051072,-0.25822375104851,-0.67557247689221,-0.838163988470036,-0.983680928172435,-0.34591930724799,-0.491193234359479,-0.243263633339356,-0.720405512330031,-0.730139082016487,-1.20832571461504,-0.412152675240602,5.39850863542298
"Zambia",0,-1.58997133352889,1.52187821886883,0.158457154220015,-0.578810142029703,-0.360423767440071,-0.348667797027346,0.37627483829106,-1.05866520998062,0.0459678546907536,-0.752264462080996,-0.0324879701589771,-0.340318282285169,2.2039753004081,-0.560654853090167,-0.153415177047829,0.471759573322407,0.428689773576663,-0.601151590881586,-0.227014960548908,4.44689997166081
"Zimbabwe",0,-1.94345629801606,2.38413613207081,0.0489307263164061,-0.0190786624924046,-0.392878007014572,-0.318326259065932,-0.131646019848248,-0.673991990750271,-0.0211866167433321,-0.27624524366784,0.109773500538227,-0.300604538711881,4.64610891038194,-0.582648122306025,-0.154432435893803,0.50121306367382,0.478177126840428,-0.876191325212395,-0.626049646583433,3.88870000966667
